,column,importance
0,dayofyear,188
0,daily_delim_5,175
0,day,158
0,shou_num_shift_3,128
0,shou_num_shift_5,127
0,daily_delim_1,125
0,shou_num_groupby_weekday_sum,119
0,shou_num_shift_7,115
0,shou_num_shift_4,115
0,zone_id,114
0,festival,105
0,shou_num_groupby_weekday_median,102
0,shou_num_shift_6,100
0,pai_num_shift_7,95
0,pai_num_shift_4,93
0,shou_num_groupby_month_max,89
0,pai_num_shift_3,84
0,shou_num_groupby_month_median,80
0,pai_num_shift_5,80
0,shou_num_groupby_weekday_min,72
0,pai_num_shift_6,71
0,shou_num_groupby_weekday_std,66
0,shou_num_groupby_month_std,61
0,pai_num_groupby_weekday_min,59
0,shou_num_groupby_weekday_max,54
0,pai_num_groupby_month_std,45
0,pai_num_groupby_month_min,45
0,is_sale,45
0,pai_num_groupby_weekday_std,41
0,weekofyear,40
0,shou_num_groupby_month_min,34
0,pai_num_groupby_month_max,32
0,weekday,29
0,pai_num_groupby_weekday_median,23
0,shou_num_groupby_month_sum,22
0,pai_num_groupby_month_sum,20
0,pai_num_groupby_weekday_sum,18
0,pai_num_groupby_weekday_max,14
0,pai_num_groupby_month_median,11
0,is_month_end,4
0,month,2
0,quarter,0
0,is_quarter_start,0
0,is_weekend,0
0,is_month_start,0
0,daily_delim_6,0
0,is_quarter_end,0
0,daily_delim_2,0
0,daily_delim_3,0
0,daily_delim_4,0
1,daily_delim_5,188
1,dayofyear,174
1,shou_num_shift_3,154
1,day,153
1,daily_delim_1,144
1,shou_num_groupby_weekday_sum,119
1,shou_num_shift_5,114
1,zone_id,110
1,festival,109
1,pai_num_shift_4,107
1,shou_num_shift_7,105
1,shou_num_groupby_weekday_median,104
1,shou_num_shift_4,102
1,pai_num_shift_3,93
1,pai_num_shift_7,90
1,pai_num_shift_5,90
1,shou_num_shift_6,87
1,shou_num_groupby_month_max,81
1,pai_num_shift_6,78
1,shou_num_groupby_weekday_min,75
1,shou_num_groupby_month_median,74
1,shou_num_groupby_month_std,53
1,shou_num_groupby_month_min,51
1,shou_num_groupby_weekday_std,50
1,shou_num_groupby_weekday_max,47
1,pai_num_groupby_month_std,47
1,pai_num_groupby_weekday_std,47
1,weekofyear,46
1,pai_num_groupby_weekday_min,41
1,is_sale,40
1,pai_num_groupby_month_min,31
1,pai_num_groupby_weekday_median,27
1,shou_num_groupby_month_sum,26
1,pai_num_groupby_month_max,24
1,pai_num_groupby_month_sum,24
1,weekday,24
1,pai_num_groupby_weekday_max,22
1,pai_num_groupby_month_median,21
1,pai_num_groupby_weekday_sum,16
1,month,9
1,is_month_end,2
1,is_quarter_end,1
1,is_quarter_start,0
1,is_month_start,0
1,is_weekend,0
1,quarter,0
1,daily_delim_2,0
1,daily_delim_3,0
1,daily_delim_6,0
1,daily_delim_4,0
2,dayofyear,181
2,daily_delim_5,176
2,shou_num_shift_3,173
2,day,140
2,daily_delim_1,137
2,shou_num_shift_4,127
2,shou_num_groupby_weekday_sum,127
2,shou_num_shift_5,121
2,festival,110
2,zone_id,107
2,pai_num_shift_4,106
2,shou_num_shift_7,104
2,shou_num_groupby_weekday_median,99
2,shou_num_shift_6,94
2,pai_num_shift_7,94
2,shou_num_groupby_month_median,86
2,pai_num_shift_5,79
2,pai_num_shift_3,78
2,shou_num_groupby_weekday_min,76
2,pai_num_shift_6,72
2,shou_num_groupby_month_max,69
2,shou_num_groupby_weekday_max,66
2,shou_num_groupby_weekday_std,59
2,pai_num_groupby_weekday_min,47
2,weekofyear,45
2,shou_num_groupby_month_std,44
2,pai_num_groupby_month_min,43
2,pai_num_groupby_month_std,42
2,is_sale,39
2,weekday,35
2,shou_num_groupby_month_sum,31
2,shou_num_groupby_month_min,29
2,pai_num_groupby_weekday_std,28
2,pai_num_groupby_weekday_max,25
2,pai_num_groupby_month_max,24
2,pai_num_groupby_month_sum,23
2,pai_num_groupby_month_median,21
2,pai_num_groupby_weekday_sum,16
2,pai_num_groupby_weekday_median,15
2,month,8
2,is_month_end,4
2,is_weekend,0
2,quarter,0
2,is_quarter_end,0
2,is_month_start,0
2,is_quarter_start,0
2,daily_delim_2,0
2,daily_delim_3,0
2,daily_delim_6,0
2,daily_delim_4,0
3,daily_delim_5,196
3,dayofyear,168
3,shou_num_shift_3,150
3,day,142
3,daily_delim_1,134
3,shou_num_groupby_weekday_sum,116
3,shou_num_shift_5,111
3,shou_num_shift_4,108
3,festival,107
3,pai_num_shift_4,105
3,shou_num_shift_7,105
3,shou_num_groupby_weekday_median,103
3,pai_num_shift_5,101
3,pai_num_shift_7,100
3,zone_id,96
3,pai_num_shift_3,94
3,shou_num_groupby_month_median,86
3,shou_num_groupby_month_max,79
3,shou_num_groupby_weekday_min,76
3,shou_num_shift_6,75
3,pai_num_shift_6,69
3,shou_num_groupby_weekday_max,62
3,pai_num_groupby_month_min,57
3,shou_num_groupby_weekday_std,55
3,pai_num_groupby_weekday_min,50
3,pai_num_groupby_month_std,49
3,shou_num_groupby_month_std,46
3,weekofyear,45
3,is_sale,42
3,pai_num_groupby_weekday_std,39
3,shou_num_groupby_month_min,38
3,pai_num_groupby_month_max,35
3,shou_num_groupby_month_sum,32
3,pai_num_groupby_weekday_sum,26
3,weekday,24
3,pai_num_groupby_month_sum,22
3,pai_num_groupby_weekday_max,16
3,pai_num_groupby_month_median,16
3,pai_num_groupby_weekday_median,16
3,month,8
3,is_month_end,1
3,is_weekend,0
3,quarter,0
3,is_quarter_end,0
3,is_month_start,0
3,is_quarter_start,0
3,daily_delim_2,0
3,daily_delim_3,0
3,daily_delim_6,0
3,daily_delim_4,0
4,daily_delim_5,172
4,dayofyear,168
4,day,145
4,shou_num_shift_3,145
4,daily_delim_1,140
4,shou_num_shift_4,127
4,shou_num_shift_7,125
4,shou_num_groupby_weekday_sum,121
4,shou_num_shift_5,112
4,festival,105
4,shou_num_shift_6,104
4,shou_num_groupby_weekday_median,103
4,zone_id,93
4,pai_num_shift_7,88
4,pai_num_shift_3,87
4,shou_num_groupby_month_median,86
4,pai_num_shift_5,85
4,shou_num_groupby_month_max,81
4,pai_num_shift_4,81
4,shou_num_groupby_weekday_min,79
4,pai_num_shift_6,73
4,shou_num_groupby_weekday_std,71
4,shou_num_groupby_weekday_max,70
4,pai_num_groupby_month_std,51
4,pai_num_groupby_weekday_min,48
4,shou_num_groupby_month_std,46
4,shou_num_groupby_month_min,41
4,is_sale,40
4,weekofyear,40
4,pai_num_groupby_month_min,37
4,shou_num_groupby_month_sum,31
4,pai_num_groupby_weekday_std,30
4,weekday,28
4,pai_num_groupby_month_sum,26
4,pai_num_groupby_weekday_median,23
4,pai_num_groupby_month_max,23
4,pai_num_groupby_month_median,20
4,pai_num_groupby_weekday_max,19
4,pai_num_groupby_weekday_sum,15
4,month,12
4,is_month_end,8
4,is_quarter_end,1
4,is_month_start,0
4,is_weekend,0
4,quarter,0
4,is_quarter_start,0
4,daily_delim_6,0
4,daily_delim_2,0
4,daily_delim_3,0
4,daily_delim_4,0
5,dayofyear,211
5,daily_delim_5,164
5,day,143
5,daily_delim_1,135
5,shou_num_shift_3,134
5,shou_num_shift_7,114
5,shou_num_groupby_weekday_sum,112
5,shou_num_groupby_weekday_median,111
5,shou_num_shift_5,110
5,zone_id,109
5,festival,108
5,shou_num_shift_4,105
5,pai_num_shift_4,100
5,pai_num_shift_3,90
5,shou_num_groupby_month_median,90
5,pai_num_shift_5,88
5,shou_num_shift_6,87
5,shou_num_groupby_weekday_min,87
5,pai_num_shift_7,87
5,shou_num_groupby_month_max,79
5,shou_num_groupby_weekday_max,65
5,shou_num_groupby_month_std,62
5,pai_num_shift_6,60
5,shou_num_groupby_weekday_std,55
5,pai_num_groupby_month_std,48
5,pai_num_groupby_weekday_min,46
5,pai_num_groupby_month_min,42
5,weekofyear,39
5,weekday,38
5,shou_num_groupby_month_min,37
5,is_sale,36
5,pai_num_groupby_weekday_std,35
5,pai_num_groupby_month_max,33
5,shou_num_groupby_month_sum,30
5,pai_num_groupby_month_median,29
5,pai_num_groupby_weekday_median,18
5,pai_num_groupby_weekday_max,18
5,pai_num_groupby_weekday_sum,16
5,pai_num_groupby_month_sum,15
5,month,8
5,is_month_end,6
5,is_month_start,0
5,quarter,0
5,is_weekend,0
5,daily_delim_2,0
5,is_quarter_start,0
5,is_quarter_end,0
5,daily_delim_3,0
5,daily_delim_6,0
5,daily_delim_4,0
6,dayofyear,172
6,daily_delim_1,158
6,daily_delim_5,157
6,shou_num_shift_3,150
6,day,142
6,shou_num_shift_5,123
6,shou_num_groupby_weekday_median,116
6,pai_num_shift_4,113
6,zone_id,111
6,festival,107
6,shou_num_groupby_weekday_sum,107
6,shou_num_shift_7,102
6,shou_num_shift_4,100
6,shou_num_groupby_month_median,92
6,shou_num_shift_6,90
6,pai_num_shift_6,90
6,pai_num_shift_7,88
6,shou_num_groupby_month_max,87
6,pai_num_shift_5,81
6,pai_num_shift_3,80
6,shou_num_groupby_weekday_min,78
6,shou_num_groupby_weekday_max,61
6,shou_num_groupby_weekday_std,61
6,weekofyear,55
6,shou_num_groupby_month_std,50
6,pai_num_groupby_month_std,46
6,pai_num_groupby_month_min,44
6,shou_num_groupby_month_min,38
6,is_sale,36
6,weekday,36
6,pai_num_groupby_weekday_min,35
6,shou_num_groupby_month_sum,34
6,pai_num_groupby_weekday_std,33
6,pai_num_groupby_month_max,30
6,pai_num_groupby_month_sum,21
6,pai_num_groupby_month_median,19
6,pai_num_groupby_weekday_sum,17
6,pai_num_groupby_weekday_median,15
6,month,13
6,pai_num_groupby_weekday_max,6
6,is_month_end,6
6,is_weekend,0
6,quarter,0
6,daily_delim_2,0
6,is_month_start,0
6,is_quarter_start,0
6,is_quarter_end,0
6,daily_delim_3,0
6,daily_delim_6,0
6,daily_delim_4,0
