,column,importance
0,dayofyear,206
0,day,190
0,daily_delim_5,156
0,pai_num_groupby_weekday_median,121
0,pai_num_shift_7,117
0,pai_num_groupby_weekday_min,117
0,zone_id,116
0,pai_num_shift_5,113
0,pai_num_groupby_month_max,106
0,daily_delim_1,104
0,shou_num_shift_7,101
0,festival,99
0,shou_num_shift_3,93
0,pai_num_shift_3,92
0,pai_num_shift_6,88
0,shou_num_shift_4,88
0,pai_num_groupby_weekday_std,87
0,pai_num_shift_4,82
0,shou_num_shift_6,78
0,pai_num_groupby_weekday_sum,77
0,shou_num_shift_5,65
0,pai_num_groupby_weekday_max,60
0,weekofyear,60
0,pai_num_groupby_month_sum,58
0,is_sale,58
0,pai_num_groupby_month_std,53
0,pai_num_groupby_month_median,52
0,pai_num_groupby_month_min,45
0,weekday,44
0,shou_num_groupby_month_min,44
0,shou_num_groupby_weekday_median,43
0,shou_num_groupby_weekday_min,35
0,shou_num_groupby_month_std,32
0,shou_num_groupby_weekday_std,24
0,shou_num_groupby_weekday_sum,22
0,shou_num_groupby_month_median,20
0,shou_num_groupby_month_sum,15
0,shou_num_groupby_month_max,15
0,shou_num_groupby_weekday_max,13
0,month,7
0,is_month_end,4
0,daily_delim_3,0
0,daily_delim_2,0
0,quarter,0
0,is_weekend,0
0,is_month_start,0
0,is_quarter_start,0
0,is_quarter_end,0
0,daily_delim_6,0
0,daily_delim_4,0
1,dayofyear,197
1,day,181
1,daily_delim_5,148
1,daily_delim_1,136
1,pai_num_groupby_month_max,121
1,pai_num_groupby_weekday_min,118
1,pai_num_shift_7,118
1,zone_id,109
1,pai_num_groupby_weekday_median,109
1,festival,104
1,pai_num_shift_5,92
1,pai_num_shift_3,88
1,shou_num_shift_3,88
1,shou_num_shift_6,87
1,shou_num_shift_7,83
1,pai_num_shift_6,82
1,shou_num_shift_4,80
1,pai_num_shift_4,80
1,pai_num_groupby_weekday_std,78
1,pai_num_groupby_weekday_sum,70
1,pai_num_groupby_month_sum,65
1,is_sale,65
1,weekday,64
1,pai_num_groupby_weekday_max,64
1,pai_num_groupby_month_std,60
1,pai_num_groupby_month_min,54
1,pai_num_groupby_month_median,52
1,shou_num_shift_5,51
1,shou_num_groupby_month_min,49
1,weekofyear,49
1,shou_num_groupby_month_std,41
1,shou_num_groupby_weekday_min,37
1,shou_num_groupby_weekday_median,30
1,shou_num_groupby_month_median,28
1,shou_num_groupby_weekday_std,25
1,shou_num_groupby_weekday_sum,22
1,shou_num_groupby_weekday_max,21
1,shou_num_groupby_month_sum,17
1,shou_num_groupby_month_max,17
1,month,14
1,is_month_end,6
1,is_quarter_end,0
1,daily_delim_2,0
1,quarter,0
1,is_weekend,0
1,is_month_start,0
1,daily_delim_6,0
1,is_quarter_start,0
1,daily_delim_3,0
1,daily_delim_4,0
2,dayofyear,198
2,day,172
2,daily_delim_5,155
2,daily_delim_1,145
2,pai_num_groupby_month_max,123
2,pai_num_groupby_weekday_min,117
2,pai_num_shift_7,116
2,pai_num_groupby_weekday_median,108
2,zone_id,106
2,festival,106
2,shou_num_shift_7,105
2,pai_num_shift_5,99
2,shou_num_shift_3,95
2,pai_num_shift_3,94
2,shou_num_shift_6,85
2,pai_num_shift_4,84
2,pai_num_shift_6,80
2,shou_num_shift_4,77
2,pai_num_groupby_weekday_sum,73
2,pai_num_groupby_weekday_std,73
2,pai_num_groupby_weekday_max,60
2,pai_num_groupby_month_sum,59
2,is_sale,59
2,pai_num_groupby_month_std,57
2,weekofyear,56
2,shou_num_groupby_month_min,54
2,weekday,54
2,shou_num_shift_5,50
2,pai_num_groupby_month_min,50
2,pai_num_groupby_month_median,45
2,shou_num_groupby_weekday_min,41
2,shou_num_groupby_weekday_median,39
2,shou_num_groupby_weekday_std,32
2,shou_num_groupby_weekday_sum,25
2,shou_num_groupby_month_std,23
2,shou_num_groupby_month_max,20
2,shou_num_groupby_weekday_max,20
2,month,16
2,shou_num_groupby_month_median,13
2,shou_num_groupby_month_sum,12
2,is_month_end,4
2,daily_delim_2,0
2,daily_delim_3,0
2,quarter,0
2,is_weekend,0
2,is_month_start,0
2,daily_delim_6,0
2,is_quarter_start,0
2,is_quarter_end,0
2,daily_delim_4,0
3,dayofyear,188
3,day,177
3,daily_delim_1,176
3,daily_delim_5,148
3,pai_num_groupby_weekday_min,117
3,pai_num_shift_7,110
3,pai_num_groupby_month_max,109
3,pai_num_groupby_weekday_median,108
3,shou_num_shift_3,107
3,zone_id,106
3,pai_num_shift_3,100
3,pai_num_shift_5,99
3,festival,98
3,shou_num_shift_7,94
3,pai_num_shift_4,89
3,pai_num_shift_6,85
3,pai_num_groupby_weekday_sum,79
3,pai_num_groupby_weekday_std,78
3,shou_num_shift_6,76
3,shou_num_shift_5,75
3,pai_num_groupby_weekday_max,71
3,shou_num_shift_4,69
3,is_sale,62
3,weekofyear,59
3,pai_num_groupby_month_sum,58
3,pai_num_groupby_month_std,57
3,weekday,57
3,pai_num_groupby_month_min,55
3,pai_num_groupby_month_median,46
3,shou_num_groupby_month_min,42
3,shou_num_groupby_weekday_median,36
3,shou_num_groupby_weekday_min,34
3,shou_num_groupby_month_std,29
3,shou_num_groupby_weekday_std,22
3,shou_num_groupby_month_median,19
3,shou_num_groupby_month_max,16
3,month,16
3,shou_num_groupby_weekday_sum,13
3,shou_num_groupby_weekday_max,9
3,shou_num_groupby_month_sum,8
3,is_month_end,3
3,daily_delim_2,0
3,daily_delim_3,0
3,quarter,0
3,is_weekend,0
3,is_month_start,0
3,daily_delim_6,0
3,is_quarter_start,0
3,is_quarter_end,0
3,daily_delim_4,0
4,dayofyear,203
4,day,174
4,daily_delim_5,147
4,zone_id,131
4,daily_delim_1,130
4,pai_num_shift_7,123
4,pai_num_groupby_weekday_min,118
4,pai_num_groupby_weekday_median,114
4,festival,103
4,shou_num_shift_3,100
4,pai_num_groupby_month_max,99
4,pai_num_shift_5,96
4,pai_num_shift_3,92
4,shou_num_shift_7,83
4,shou_num_shift_4,81
4,pai_num_groupby_weekday_max,80
4,shou_num_shift_6,78
4,pai_num_shift_6,77
4,pai_num_groupby_weekday_std,76
4,pai_num_shift_4,73
4,pai_num_groupby_weekday_sum,71
4,shou_num_shift_5,65
4,is_sale,64
4,pai_num_groupby_month_std,59
4,weekday,58
4,weekofyear,57
4,pai_num_groupby_month_sum,53
4,shou_num_groupby_month_min,53
4,pai_num_groupby_month_median,50
4,pai_num_groupby_month_min,41
4,shou_num_groupby_month_std,41
4,shou_num_groupby_weekday_median,35
4,shou_num_groupby_weekday_min,35
4,shou_num_groupby_weekday_std,28
4,shou_num_groupby_weekday_sum,25
4,shou_num_groupby_month_max,18
4,shou_num_groupby_month_sum,18
4,shou_num_groupby_month_median,14
4,shou_num_groupby_weekday_max,14
4,month,13
4,is_month_end,8
4,is_quarter_start,2
4,daily_delim_2,0
4,daily_delim_3,0
4,quarter,0
4,is_weekend,0
4,is_month_start,0
4,daily_delim_6,0
4,is_quarter_end,0
4,daily_delim_4,0
5,dayofyear,198
5,day,170
5,daily_delim_1,145
5,daily_delim_5,139
5,pai_num_groupby_weekday_median,127
5,pai_num_shift_7,127
5,pai_num_groupby_weekday_min,121
5,pai_num_shift_3,112
5,pai_num_groupby_month_max,107
5,festival,102
5,zone_id,100
5,shou_num_shift_3,95
5,pai_num_shift_4,93
5,shou_num_shift_4,91
5,pai_num_shift_5,90
5,shou_num_shift_7,82
5,shou_num_shift_6,81
5,pai_num_groupby_weekday_max,75
5,pai_num_shift_6,73
5,pai_num_groupby_weekday_std,71
5,pai_num_groupby_month_sum,70
5,shou_num_shift_5,68
5,is_sale,67
5,pai_num_groupby_weekday_sum,63
5,pai_num_groupby_month_median,56
5,weekofyear,52
5,pai_num_groupby_month_std,50
5,weekday,46
5,pai_num_groupby_month_min,42
5,shou_num_groupby_month_min,41
5,shou_num_groupby_weekday_min,40
5,shou_num_groupby_weekday_median,27
5,shou_num_groupby_month_std,26
5,shou_num_groupby_weekday_sum,25
5,shou_num_groupby_weekday_std,24
5,shou_num_groupby_month_max,22
5,shou_num_groupby_month_median,21
5,shou_num_groupby_month_sum,20
5,shou_num_groupby_weekday_max,18
5,month,13
5,is_month_end,7
5,is_quarter_start,3
5,daily_delim_2,0
5,daily_delim_3,0
5,quarter,0
5,is_weekend,0
5,is_month_start,0
5,daily_delim_6,0
5,is_quarter_end,0
5,daily_delim_4,0
6,dayofyear,199
6,day,171
6,daily_delim_1,154
6,daily_delim_5,135
6,pai_num_groupby_weekday_min,135
6,zone_id,118
6,pai_num_shift_7,116
6,pai_num_groupby_weekday_median,113
6,pai_num_groupby_month_max,111
6,pai_num_shift_3,109
6,festival,108
6,shou_num_shift_3,90
6,pai_num_shift_4,86
6,pai_num_shift_5,82
6,shou_num_shift_6,77
6,pai_num_groupby_weekday_std,77
6,pai_num_shift_6,77
6,shou_num_shift_7,76
6,shou_num_shift_4,74
6,pai_num_groupby_weekday_max,74
6,pai_num_groupby_month_sum,72
6,pai_num_groupby_weekday_sum,66
6,is_sale,63
6,weekday,60
6,weekofyear,59
6,pai_num_groupby_month_std,58
6,shou_num_shift_5,52
6,pai_num_groupby_month_median,52
6,pai_num_groupby_month_min,51
6,shou_num_groupby_weekday_min,42
6,shou_num_groupby_weekday_median,40
6,shou_num_groupby_month_std,36
6,shou_num_groupby_month_min,34
6,shou_num_groupby_month_max,27
6,shou_num_groupby_weekday_std,22
6,shou_num_groupby_weekday_sum,20
6,shou_num_groupby_weekday_max,17
6,month,14
6,shou_num_groupby_month_median,13
6,shou_num_groupby_month_sum,12
6,is_month_end,8
6,daily_delim_2,0
6,daily_delim_3,0
6,quarter,0
6,is_weekend,0
6,is_month_start,0
6,daily_delim_6,0
6,is_quarter_start,0
6,is_quarter_end,0
6,daily_delim_4,0
